<?xml version="1.0" encoding="UTF-8"?>
<office:document-content xmlns:css3t="http://www.w3.org/TR/css3-text/" xmlns:grddl="http://www.w3.org/2003/g/data-view#" xmlns:xhtml="http://www.w3.org/1999/xhtml" xmlns:formx="urn:openoffice:names:experimental:ooxml-odf-interop:xmlns:form:1.0" xmlns:xsi="http://www.w3.org/2001/XMLSchema-instance" xmlns:xsd="http://www.w3.org/2001/XMLSchema" xmlns:dom="http://www.w3.org/2001/xml-events" xmlns:form="urn:oasis:names:tc:opendocument:xmlns:form:1.0" xmlns:xforms="http://www.w3.org/2002/xforms" xmlns:field="urn:openoffice:names:experimental:ooo-ms-interop:xmlns:field:1.0" xmlns:loext="urn:org:documentfoundation:names:experimental:office:xmlns:loext:1.0" xmlns:script="urn:oasis:names:tc:opendocument:xmlns:script:1.0" xmlns:drawooo="http://openoffice.org/2010/draw" xmlns:calcext="urn:org:documentfoundation:names:experimental:calc:xmlns:calcext:1.0" xmlns:math="http://www.w3.org/1998/Math/MathML" xmlns:tableooo="http://openoffice.org/2009/table" xmlns:of="urn:oasis:names:tc:opendocument:xmlns:of:1.2" xmlns:oooc="http://openoffice.org/2004/calc" xmlns:xlink="http://www.w3.org/1999/xlink" xmlns:fo="urn:oasis:names:tc:opendocument:xmlns:xsl-fo-compatible:1.0" xmlns:dc="http://purl.org/dc/elements/1.1/" xmlns:office="urn:oasis:names:tc:opendocument:xmlns:office:1.0" xmlns:meta="urn:oasis:names:tc:opendocument:xmlns:meta:1.0" xmlns:ooo="http://openoffice.org/2004/office" xmlns:chart="urn:oasis:names:tc:opendocument:xmlns:chart:1.0" xmlns:style="urn:oasis:names:tc:opendocument:xmlns:style:1.0" xmlns:text="urn:oasis:names:tc:opendocument:xmlns:text:1.0" xmlns:rpt="http://openoffice.org/2005/report" xmlns:draw="urn:oasis:names:tc:opendocument:xmlns:drawing:1.0" xmlns:officeooo="http://openoffice.org/2009/office" xmlns:dr3d="urn:oasis:names:tc:opendocument:xmlns:dr3d:1.0" xmlns:ooow="http://openoffice.org/2004/writer" xmlns:svg="urn:oasis:names:tc:opendocument:xmlns:svg-compatible:1.0" xmlns:table="urn:oasis:names:tc:opendocument:xmlns:table:1.0" xmlns:number="urn:oasis:names:tc:opendocument:xmlns:datastyle:1.0" office:version="1.3"><office:scripts/><office:font-face-decls><style:font-face style:name="Liberation Sans" svg:font-family="&apos;Liberation Sans&apos;" style:font-family-generic="swiss" style:font-pitch="variable"/><style:font-face style:name="Liberation Serif" svg:font-family="&apos;Liberation Serif&apos;" style:font-family-generic="roman" style:font-pitch="variable"/><style:font-face style:name="Lohit Devanagari" svg:font-family="&apos;Lohit Devanagari&apos;" style:font-family-generic="system" style:font-pitch="variable"/><style:font-face style:name="Lohit Devanagari1" svg:font-family="&apos;Lohit Devanagari&apos;"/><style:font-face style:name="Noto Sans CJK SC" svg:font-family="&apos;Noto Sans CJK SC&apos;" style:font-family-generic="system" style:font-pitch="variable"/><style:font-face style:name="Noto Serif CJK SC" svg:font-family="&apos;Noto Serif CJK SC&apos;" style:font-family-generic="system" style:font-pitch="variable"/></office:font-face-decls><office:automatic-styles><style:style style:name="Table1" style:family="table"><style:table-properties style:width="17cm" fo:margin-top="0cm" fo:margin-bottom="0.3cm" table:align="margins"/></style:style><style:style style:name="Table1.A" style:family="table-column"><style:table-column-properties style:column-width="3.007cm" style:rel-column-width="11593*"/></style:style><style:style style:name="Table1.B" style:family="table-column"><style:table-column-properties style:column-width="10.389cm" style:rel-column-width="40049*"/></style:style><style:style style:name="Table1.C" style:family="table-column"><style:table-column-properties style:column-width="3.604cm" style:rel-column-width="13893*"/></style:style><style:style style:name="Table1.A1" style:family="table-cell"><style:table-cell-properties style:vertical-align="middle" fo:padding="0.097cm" fo:border-left="0.05pt solid #000000" fo:border-right="none" fo:border-top="0.05pt solid #000000" fo:border-bottom="0.05pt solid #000000"/></style:style><style:style style:name="Table1.B1" style:family="table-cell"><style:table-cell-properties fo:padding="0.097cm" fo:border-left="0.05pt solid #000000" fo:border-right="none" fo:border-top="0.05pt solid #000000" fo:border-bottom="0.05pt solid #000000"/></style:style><style:style style:name="Table1.C1" style:family="table-cell"><style:table-cell-properties fo:padding="0.097cm" fo:border="0.05pt solid #000000"/></style:style><style:style style:name="Table1.A2" style:family="table-cell"><style:table-cell-properties style:vertical-align="middle" fo:padding="0.097cm" fo:border-left="0.05pt solid #000000" fo:border-right="none" fo:border-top="none" fo:border-bottom="0.05pt solid #000000"/></style:style><style:style style:name="Table1.B2" style:family="table-cell"><style:table-cell-properties fo:padding="0.097cm" fo:border-left="0.05pt solid #000000" fo:border-right="none" fo:border-top="none" fo:border-bottom="0.05pt solid #000000"/></style:style><style:style style:name="Table1.C2" style:family="table-cell"><style:table-cell-properties fo:padding="0.097cm" fo:border-left="0.05pt solid #000000" fo:border-right="0.05pt solid #000000" fo:border-top="none" fo:border-bottom="0.05pt solid #000000"/></style:style><style:style style:name="Table1.B3" style:family="table-cell"><style:table-cell-properties fo:padding="0.097cm" fo:border-left="0.05pt solid #000000" fo:border-right="none" fo:border-top="none" fo:border-bottom="0.05pt solid #000000"/></style:style><style:style style:name="Table1.C3" style:family="table-cell"><style:table-cell-properties style:vertical-align="middle" fo:padding="0.097cm" fo:border-left="0.05pt solid #000000" fo:border-right="0.05pt solid #000000" fo:border-top="none" fo:border-bottom="0.05pt solid #000000"/></style:style><style:style style:name="Table1.B4" style:family="table-cell"><style:table-cell-properties fo:padding="0.097cm" fo:border-left="0.05pt solid #000000" fo:border-right="none" fo:border-top="none" fo:border-bottom="0.05pt solid #000000"/></style:style><style:style style:name="P1" style:family="paragraph" style:parent-style-name="Standard"><style:paragraph-properties fo:text-align="end" style:justify-single-word="false"/><style:text-properties fo:font-weight="bold" officeooo:rsid="001de8fb" officeooo:paragraph-rsid="001de8fb" style:font-weight-asian="bold" style:font-weight-complex="bold"/></style:style><style:style style:name="P2" style:family="paragraph" style:parent-style-name="Table_20_Contents"><style:paragraph-properties fo:text-align="end" style:justify-single-word="false"/><style:text-properties fo:font-weight="bold" officeooo:rsid="001de8fb" officeooo:paragraph-rsid="001de8fb" style:font-weight-asian="bold" style:font-weight-complex="bold"/></style:style><style:style style:name="P3" style:family="paragraph" style:parent-style-name="Standard"><style:paragraph-properties fo:text-align="end" style:justify-single-word="false"/><style:text-properties fo:font-weight="bold" officeooo:rsid="0024b29c" officeooo:paragraph-rsid="0024b29c" style:font-weight-asian="bold" style:font-weight-complex="bold"/></style:style><style:style style:name="P4" style:family="paragraph" style:parent-style-name="Table_20_Contents"><style:paragraph-properties fo:text-align="center" style:justify-single-word="false"/><style:text-properties fo:font-weight="bold" officeooo:rsid="00be2620" officeooo:paragraph-rsid="001d6908" style:font-weight-asian="bold" style:font-weight-complex="bold"/></style:style><style:style style:name="P5" style:family="paragraph" style:parent-style-name="Table_20_Contents"><style:paragraph-properties fo:text-align="end" style:justify-single-word="false"/><style:text-properties fo:font-weight="bold" officeooo:rsid="0020381b" officeooo:paragraph-rsid="0020381b" style:font-weight-asian="bold" style:font-weight-complex="bold"/></style:style><style:style style:name="P6" style:family="paragraph" style:parent-style-name="Standard"><style:paragraph-properties fo:text-align="justify" style:justify-single-word="false"/><style:text-properties officeooo:paragraph-rsid="001d6908"/></style:style><style:style style:name="P7" style:family="paragraph" style:parent-style-name="Table_20_Contents"><style:paragraph-properties fo:text-align="center" style:justify-single-word="false"/><style:text-properties officeooo:rsid="001de8fb" officeooo:paragraph-rsid="001de8fb"/></style:style><style:style style:name="P8" style:family="paragraph" style:parent-style-name="Table_20_Contents"><style:paragraph-properties fo:text-align="start" style:justify-single-word="false"/><style:text-properties officeooo:rsid="001de8fb" officeooo:paragraph-rsid="001de8fb"/></style:style><style:style style:name="P9" style:family="paragraph" style:parent-style-name="Table_20_Contents"><style:paragraph-properties fo:text-align="start" style:justify-single-word="false"/><style:text-properties fo:font-weight="normal" officeooo:rsid="001de8fb" officeooo:paragraph-rsid="001de8fb" style:font-weight-asian="normal" style:font-weight-complex="normal"/></style:style><style:style style:name="P10" style:family="paragraph" style:parent-style-name="Table_20_Contents"><style:paragraph-properties fo:text-align="center" style:justify-single-word="false"/><style:text-properties fo:font-weight="normal" officeooo:rsid="0020381b" officeooo:paragraph-rsid="0020381b" style:font-weight-asian="normal" style:font-weight-complex="normal"/></style:style><style:style style:name="P11" style:family="paragraph" style:parent-style-name="Table_20_Contents"><style:paragraph-properties fo:text-align="start" style:justify-single-word="false"/><style:text-properties officeooo:rsid="0024b29c" officeooo:paragraph-rsid="0024b29c"/></style:style><style:style style:name="P12" style:family="paragraph"><style:paragraph-properties fo:margin-left="0cm" fo:margin-right="0cm" fo:margin-top="0cm" fo:margin-bottom="0cm" fo:line-height="100%" fo:text-align="start" fo:text-indent="0cm" style:text-autospace="ideograph-alpha" style:punctuation-wrap="hanging" style:line-break="strict" style:writing-mode="lr-tb"><style:tab-stops/></style:paragraph-properties><style:text-properties fo:hyphenate="false" loext:hyphenation-no-caps="false"/></style:style><style:style style:name="P13" style:family="paragraph"><style:paragraph-properties fo:margin-left="0cm" fo:margin-right="0cm" fo:margin-top="0cm" fo:margin-bottom="0cm" fo:line-height="100%" fo:text-align="start" fo:text-indent="0cm" style:text-autospace="ideograph-alpha" style:punctuation-wrap="hanging" style:line-break="strict" style:writing-mode="lr-tb"><style:tab-stops/></style:paragraph-properties><style:text-properties fo:hyphenate="false" loext:hyphenation-no-caps="false"/></style:style><style:style style:name="T1" style:family="text"><style:text-properties officeooo:rsid="001ed404"/></style:style><style:style style:name="T2" style:family="text"><style:text-properties fo:font-weight="bold" officeooo:rsid="001ed404" style:font-weight-asian="bold" style:font-weight-complex="bold"/></style:style><style:style style:name="T3" style:family="text"><style:text-properties officeooo:rsid="0023873e"/></style:style><style:style style:name="T4" style:family="text"><style:text-properties fo:font-variant="normal" fo:text-transform="none" style:use-window-font-color="true" loext:opacity="0%" style:text-outline="false" style:text-line-through-style="none" style:text-line-through-type="none" style:text-position="0% 100%" style:font-name="Liberation Serif" fo:font-size="10pt" fo:letter-spacing="normal" fo:language="pl" fo:country="PL" fo:font-style="normal" fo:text-shadow="none" style:text-underline-style="none" fo:font-weight="normal" style:text-underline-mode="continuous" style:text-overline-mode="continuous" style:text-line-through-mode="continuous" style:letter-kerning="true" fo:background-color="transparent" style:font-name-asian="Noto Serif CJK SC" style:font-size-asian="10.5pt" style:language-asian="zh" style:country-asian="CN" style:font-style-asian="normal" style:font-weight-asian="normal" style:font-name-complex="Lohit Devanagari" style:font-size-complex="12pt" style:language-complex="hi" style:country-complex="IN" style:font-style-complex="normal" style:font-weight-complex="normal" style:text-emphasize="none" style:text-scale="100%" style:font-relief="none" style:text-overline-style="none" style:text-overline-color="font-color"/></style:style><style:style style:name="T5" style:family="text"><style:text-properties fo:font-variant="normal" fo:text-transform="none" style:use-window-font-color="true" loext:opacity="0%" style:text-outline="false" style:text-line-through-style="none" style:text-line-through-type="none" style:text-position="0% 100%" style:font-name="Liberation Serif" fo:font-size="10pt" fo:letter-spacing="normal" fo:language="pl" fo:country="PL" fo:font-style="normal" fo:text-shadow="none" style:text-underline-style="none" fo:font-weight="normal" style:text-underline-mode="continuous" style:text-overline-mode="continuous" style:text-line-through-mode="continuous" style:letter-kerning="true" fo:background-color="transparent" style:font-name-asian="Noto Serif CJK SC" style:font-size-asian="10.5pt" style:language-asian="zh" style:country-asian="CN" style:font-style-asian="normal" style:font-weight-asian="normal" style:font-name-complex="Lohit Devanagari" style:font-size-complex="12pt" style:language-complex="hi" style:country-complex="IN" style:font-style-complex="normal" style:font-weight-complex="normal" style:text-emphasize="none" style:text-scale="100%" style:font-relief="none" style:text-overline-style="none" style:text-overline-color="font-color"/></style:style></office:automatic-styles><office:body><office:text><text:sequence-decls><text:sequence-decl text:display-outline-level="0" text:name="Illustration"/><text:sequence-decl text:display-outline-level="0" text:name="Table"/><text:sequence-decl text:display-outline-level="0" text:name="Text"/><text:sequence-decl text:display-outline-level="0" text:name="Drawing"/><text:sequence-decl text:display-outline-level="0" text:name="Figure"/></text:sequence-decls><table:table table:name="Table1" table:style-name="Table1"><table:table-column table:style-name="Table1.A"/><table:table-column table:style-name="Table1.B"/><table:table-column table:style-name="Table1.C"/><table:table-row table:style-name="TableLine94407011488160"><table:table-cell table:style-name="Table1.A1" office:value-type="string"><text:p text:style-name="P2">Przedmiot</text:p></table:table-cell><table:table-cell table:style-name="Table1.B1" office:value-type="string"><text:p text:style-name="P8">Aplikacje Internetowe</text:p></table:table-cell><table:table-cell table:style-name="Table1.C1" office:value-type="string"><text:p text:style-name="P9"><text:span text:style-name="T2">Klasa:</text:span><text:span text:style-name="T1"><text:tab/></text:span>3PT5</text:p></table:table-cell></table:table-row><table:table-row table:style-name="TableLine94407011842608"><table:table-cell table:style-name="Table1.A2" office:value-type="string"><text:p text:style-name="P5">Temat</text:p></table:table-cell><table:table-cell table:style-name="Table1.B2" office:value-type="string"><text:p text:style-name="P8">Przetwarzanie plików XML</text:p></table:table-cell><table:table-cell table:style-name="Table1.C2" office:value-type="string"><text:p text:style-name="P10">ai/3pt5/30</text:p></table:table-cell></table:table-row><table:table-row table:style-name="TableLine94407011901440"><table:table-cell table:style-name="Table1.A1" office:value-type="string"><text:p text:style-name="P1">Uczeń</text:p></table:table-cell><table:table-cell table:style-name="Table1.B3" office:value-type="string"><text:p text:style-name="P8"><office:annotation office:name="__Annotation__48_1594547313" loext:resolved="false"><dc:creator>Grzegorz Petri</dc:creator><dc:date>2022-04-01T09:17:13.043229957</dc:date><meta:creator-initials>GP</meta:creator-initials><text:p text:style-name="P13"><text:span text:style-name="T5">Proszę podać Nazwisko oraz Imię</text:span></text:p></office:annotation>Wpisz_tutaj<office:annotation-end office:name="__Annotation__48_1594547313"/></text:p></table:table-cell><table:table-cell table:style-name="Table1.C3" office:value-type="string"><text:p text:style-name="P4">Data wykonania</text:p></table:table-cell></table:table-row><table:table-row table:style-name="TableLine94407011903312"><table:table-cell table:style-name="Table1.A2" office:value-type="string"><text:p text:style-name="P3">Wymagania</text:p></table:table-cell><table:table-cell table:style-name="Table1.B4" office:value-type="string"><text:p text:style-name="P11">Obsługa archiwów, Przetwarzanie systemu plików</text:p></table:table-cell><table:table-cell table:style-name="Table1.C3" office:value-type="string"><text:p text:style-name="P7">2022-04-01</text:p></table:table-cell></table:table-row></table:table><text:p text:style-name="P6"><text:tab/>Lorem ipsum dolor sit amet, consectetur adipisicing elit, sed doeiusmod tempor incididunt ut labore et dolore magna aliqua. Ut enimad minim veniam, quis nostrud exercitation ullamco laboris nisi utaliquip ex ea commodo consequat. Duis aute irure dolor inreprehenderit in voluptate velit esse cillum dolore eu fugiat nullapariatur. Excepteur sint occaecat cupidatat non proident, sunt inculpa qui officia deserunt mollit anim id est laborum. Lorem ipsum dolor sit amet, consectetur adipisicing elit, sed doeiusmod tempor incididunt ut labore et dolore magna aliqua. Ut enimad minim veniam, quis nostrud exercitation ullamco laboris nisi utaliquip ex ea commodo consequat. <text:tab/>Duis aute irure dolor inreprehenderit in voluptate velit esse cillum dolore eu fugiat nullapariatur. Excepteur sint occaecat cupidatat non proident, sunt inculpa qui officia deserunt mollit anim id est laborum. Lorem ipsum dolor <office:annotation office:name="__Annotation__70_2139805178" loext:resolved="false"><dc:creator>Grzegorz Petri</dc:creator><dc:date>2022-03-31T23:17:04.082056019</dc:date><meta:creator-initials>GP</meta:creator-initials><text:p text:style-name="P12"><text:span text:style-name="T4">A ten tu skąd?</text:span></text:p></office:annotation><text:span text:style-name="T3">S</text:span>it<text:span text:style-name="T3">h</text:span><office:annotation-end office:name="__Annotation__70_2139805178"/> amet, consectetur adipisicing elit, sed doeiusmod tempor incididunt ut labore et dolore magna aliqua. Ut enimad minim veniam, quis nostrud exercitation ullamco laboris nisi utaliquip ex ea commodo consequat. Duis aute irure dolor inreprehenderit in voluptate velit esse cillum dolore eu fugiat nullapariatur. Excepteur sint occaecat cupidatat non proident, sunt inculpa qui officia deserunt mollit anim id est laborum. Lorem ipsum dolor sit amet, consectetur adipisicing elit, sed doeiusmod tempor incididunt ut labore et dolore magna aliqua.<office:annotation office:name="__Annotation__49_1594547313" loext:resolved="false"><dc:creator>Grzegorz Petri</dc:creator><dc:date>2022-04-01T09:17:56.554206092</dc:date><meta:creator-initials>GP</meta:creator-initials><text:p text:style-name="P13"><text:span text:style-name="T5">A wiesz, że tu jest spacja?</text:span></text:p></office:annotation> <office:annotation-end office:name="__Annotation__49_1594547313"/></text:p></office:text></office:body></office:document-content>