<?xml version="1.0" encoding="UTF-8"?>
<office:document-meta xmlns:grddl="http://www.w3.org/2003/g/data-view#" xmlns:xlink="http://www.w3.org/1999/xlink" xmlns:dc="http://purl.org/dc/elements/1.1/" xmlns:office="urn:oasis:names:tc:opendocument:xmlns:office:1.0" xmlns:meta="urn:oasis:names:tc:opendocument:xmlns:meta:1.0" xmlns:ooo="http://openoffice.org/2004/office" office:version="1.3"><office:meta><meta:initial-creator>Grzegorz Petri</meta:initial-creator><meta:creation-date>2021-02-08T20:02:21.340672480</meta:creation-date><meta:generator>LibreOffice/7.2.2.2$Linux_X86_64 LibreOffice_project/20$Build-2</meta:generator><dc:date>2022-04-01T09:18:07.335792896</dc:date><dc:creator>Grzegorz Petri</dc:creator><meta:editing-duration>PT30M13S</meta:editing-duration><meta:editing-cycles>8</meta:editing-cycles><meta:document-statistic meta:table-count="1" meta:image-count="0" meta:object-count="0" meta:page-count="1" meta:paragraph-count="13" meta:word-count="228" meta:character-count="1625" meta:non-whitespace-character-count="1407"/></office:meta></office:document-meta>